"Spavia - West Plano (Spavia - West Plano: FTVO Facial Only)","BROAD","Negative","castle","stroke","soapy","waxing","mud baths","rhinoplasty","indian","gambling","injectable","shave","surgery","office","unicorn","hotel","pedicure","rubrankings","jcpenny","dermaplaning","tips","lipo","laser","cocoon","gay","porn","haircut","reflexology","school","airbnb","cancer","construction","groupon","nightclub","chiropractor","nudist","certification","mani","sensual","street","honey","jacuzzi","weight loss","counterfeit","microblading","japanese","laser treatment","tantric","orgasm","vitamin","aqua bed","black owned","gaming","chinese","wood","cryotherapy","medical","comestic","wellness resort","dermatology","sephora","somatic","skin whitening","xxx","pool","nails","disney","swimming","dandruff","sweepstakes","alcohol","academy","robot","parlor","korean spa","jamaican","diy","outdoor","barber mehmet","hot tubs","chakra","automotive","disease","moroccan","juvederm","dog","ayurvedic","claim","nail","scalp","escort","exotic","internship","cream","bingo","chiropractic","fraxel","booty","craigslist","cellulite","vaginal","skincare routines","pet","how to","fraud","hiring","latina","wax","warehouse","futon","fetish","nude","ribs","factory","arthritis","basement","receptionist","dots","african american","medspa","pelvic","manicure","threading","persian","uncensored","fish","massage","radiofrequency","illuminati","turkish","sexy","beads","photos","career","fire","glam2gam","jjimjilbang","pedicures","makeup","naturally","coupon","laundry","asian","gua sha","careers","virgin","wash","injections","botox","filler","ear","lawsuit","korean","scam","kinesiology","routine","dermatologist","butt","at home","discount","cheap","fillers","permanent frown line removal","boy","cosmetic medspa","ulta","pleasure","concealer","brazilian","manicures","sensory deprivation","voluma","veins","yoni","salt","mudding","b2b","sex","24hr","slug","job","kit","sauna","hotspring","topless","neck cleaning","products","settlement","food","contrast therapy","housing","erotic","prostate","transplant","sexual","float therapy","jobs","thai","microneedling","ultherapy","surgical","bikini","acrylic overlay","russian","facebook","coed","self","hypno","mineral baths","hair spa treatment","thread lift","target","free","mobile","foundation","latino","home","adult","lash","biotec","hacking","fillers and injectables"
"Spavia - West Plano (Spavia - West Plano: FTVO Facial Only)","EXACT","Negative","laser treatment","mini face lift cost near me","mani pedi natick","nail spa","indoor rain","petroleum jelly for acne scars","in person asmr experience","nail salon natick","pamper night","back scratch","ageless wonder","lets talk skincare","eyelash extensions near me","stretch marks removal","spray tan natick","shamboo","asmr massage","milia extraction","skin in your 30s","nail salon near me","free massages near me","hamam","night pimple remove","zero gravity pedicure near me","vacutherapy","juvederm voluma","how to get rid of a scar","tan removal treatment","40 plus mom skin care","spray tan","look younger instantly","tryst massage","spray tan near me","hair salon","cheapest facials near me","face bleaching","ethiopian","scratch therapy","filipino","exotic massage for men","mall massage","masaje con maderoterapia","antiaging","how can i make my face more attractive","female to male body massage near me","massage asmr","remove wrinkles around mouth","mole removal","overnight spa stay","vichy shower","asian woman massage","russian girl massage","remove pus from pimple","freckle removal","breast massage","butt facials","mani pedi","nail salon","cbd massage near me","shurink laser","eyelash extensions","night spa","eye lash extension natick","pm skincare","aesthetic clinic","how to have white skin","how to clear up body acne","float tanks","mani pedi near me","vaginal steaming near me","lomi lomi nui the sensual hawaiian massage","how to get rid of a pimple under the skin","get rid of dark inner thighs","hammam","massage full no sensor","people doing their skincare","tibetan","double chin removal"
"Spavia - West Plano (Spavia - West Plano: FTVO Facial Only)","EXACT","Positive","spa lounge","facials plano","spas near me","best spa day packages near me","spa for women near me"
"Spavia - West Plano (Spavia - West Plano: FTVO Facial Only)","PHRASE","Positive","spa facial","spa centre near","facial with extractions","facials with pore extractions","professional facials","spa services","body spa treatment","spa body treatments","acne facials","chemical peel","organic facial","body skin treatments","where can i get a facial","spa treatment packages","brightening facials","healthy skin treatments","full spa day","skin care spa","skincare treatments","spavia day spa","beauty spa near me","day spa near me","spa beauty treatments","spa body treatment","spa day deal","face peels","facial spas","spavia day spa west plano","facial spa near me","spa and treatment","spa service near me","best spa treatments","microdermabrasion","facial in dallas","beauty treatments for face","spavia near dallas","spa and salon","facial skincare treatments","day spa","high class spa near me","seasonal facials","back facial near me","spavia plano","spa in dallas","hydrating facials","anti aging facial","facial","health and wellness membership","facials west plano","best spa near me","spavia locations","hydrating facial","spavia west plano","face peel","beauty spas","skin care services","custom facials","body spas near","mens facial","spa near west plano","hydrafacial near plano","best facials","full service day spa near me","spavia","relaxing facials","clear skin facials","spas near me","day spa specials","full day spas","bridal spa packages","spavia membership","spa services near me","full service spa near me","luxury spa packages near me","facial treatment","luxury spa packages","spa","facial packages near me","facial therapy treatments","places to get facials","skin care and facial","spa day offers","brightening facial","best facial near me","best spas","spa service","spa specials","spavia facials","facial prices","nearest facial","facial plano","skin care professionals","wellness spa","best luxury spa","full body spa","spa places near me","find spas","glowing skin facials","couple spa near me","best full spa near me","acne treatment facials","where to get a facial","health spa break","best facial","skin treatment","best spa package","spa treatments","spa near me","spa facial near me","body spa near me","spa facials near me","women facial near me","facial services","spa packages","facial spas near me","facial gift card","top day spas","spa day","full service spa","spavia facial","face treatments","relaxation spa near me","spa offers","dallas spas","spa skin treatment","full day spa","facial near me","luxurious spa day","rejuvenating facials","book spa appointment online","facial skin care treatments","spa day package","spa beauty"
"Spavia - West Plano (Spavia - West Plano: FTVO Facial Only)","PHRASE","Negative","exotic","how to","massage escort","giveaway","athome","one dollar","job fair","remove tan","how to open a spa","smoking lounge","beauty school","doctorly","cheapest","hot tub","physical therapy","iv therapy","how old","asmr","floating water therapy","tan remove","home service massage","future","asmr massage","where to use","24 hour","cosmetology license","underage","who accepts","asmr spa","financial aid","overnight","what is","esthetician program","techniques","fat freezing","tonight","thread face lift","plastic surgery","happy ending","parlor","skin cancer","youtube","5 minute","receptionist","body contouring","donation","massage asmr","massage license requirement","all inclusive wellness retreat","work","lip filler","plastic surgeon","botox","vajacial","queen","face lift","strip club","all inclusive","gone wrong","at home","2000","steam room","rub and tug"
"Spavia - West Plano (DO NOT USE: Spavia - West Plano Gift Cards)","EXACT","Positive","spa gift card near me","pamper mom with a spa gift card","gift card for mothers day spa","spa day gift card","spavia mothers day spa package","spavia egift card","spavia mothers day gift card","spavia gift card for mom","spavia lastminute gift card","spa gift card for mothers day","best mothers day spa gift","spavia spa day gift card","spavia spa gift card","spa gift card for her","mothers day spa gift card","mothers day spa day gift","buy spa gift card online","mothers day spa specials","mothers day spa package gift card","buy spa gift card for mom","spavia instant gift card delivery"
"Spavia - West Plano (DO NOT USE: Spavia - West Plano Gift Cards)","EXACT","Negative","aesthetic clinic","tryst massage"
"Spavia - West Plano (DO NOT USE: Spavia - West Plano Gift Cards)","BROAD","Negative","soapy","mud baths","manicures","sensory deprivation","voluma","surgery","robot","radiofrequency","mudding","jamaican","b2b","hotel","barber mehmet","hot tubs","sex","sexy","24hr","chakra","rubrankings","dermaplaning","moroccan","juvederm","hotspring","laser","neck cleaning","gay","contrast therapy","ayurvedic","reflexology","glam2gam","airbnb","jjimjilbang","transplant","scalp","pedicures","float therapy","exotic","laundry","jobs","street","booty","cellulite","gua sha","vaginal","microblading","skincare routines","japanese","laser treatment","microneedling","orgasm","ultherapy","surgical","korean","aqua bed","bikini","kinesiology","black owned","futon","routine","acrylic overlay","coed","butt","wood","cryotherapy","mineral baths","hair spa treatment","thread lift","free","comestic","wellness resort","cheap","somatic","latino","fillers","permanent frown line removal","skin whitening","receptionist","african american","medspa","adult","boy","cosmetic medspa","threading","persian","fillers and injectables","disney","swimming"
"Spavia - West Plano (DO NOT USE: Spavia - West Plano Gift Cards)","PHRASE","Positive","spavia spa gift card near me","highend spa gift card","premium spa gift for mom","egift card for spa day","digital spa gift card","spa gift card near me","luxury mothers day gift card","spa day gift card","luxury spa gift card","spavia mothers day spa gift","luxury spa experience gift card","gift cards for relaxation","luxury relaxation gift card","spa gift card for her","premium spa day gift card","easy spa gift card purchase","spavia relaxation gift card","purchase spa gift card online","luxury pampering gift card","lastminute mothers day gift card","gift cards for pampering","spa gift card","gift cards for mothers day","lastminute spa gift for mom","spa gift card for relaxation","premium spa package gift card","quick mothers day gift idea","spavia gift card for mothers day","best gift cards for moms","gift cards for her","spavia spa gift for her","quick mothers day spa gift","highend mothers day spa gift"
"Spavia - West Plano (DO NOT USE: Spavia - West Plano Gift Cards)","PHRASE","Negative","floating water therapy"
"Spavia - West Plano (Spavia - West Plano: FTVO Massage Only)","BROAD","Negative","castle","stroke","soapy","waxing","mud baths","rhinoplasty","indian","gambling","injectable","shave","surgery","lasers","office","unicorn","hotel","pedicure","rubrankings","jcpenny","dermaplaning","tips","lipo","laser","cocoon","gay","porn","haircut","reflexology","school","airbnb","cancer","construction","groupon","nightclub","chiropractor","nudist","certification","mani","sensual","street","honey","facial","jacuzzi","weight loss","counterfeit","microblading","japanese","laser treatment","tantric","orgasm","vitamin","aqua bed","black owned","gaming","chinese","wood","cryotherapy","medical","comestic","wellness resort","dermatology","sephora","somatic","skin whitening","xxx","pool","nails","disney","swimming","dandruff","sweepstakes","alcohol","academy","robot","parlor","korean spa","jamaican","diy","outdoor","barber mehmet","hot tubs","chakra","automotive","disease","moroccan","juvederm","dog","ayurvedic","claim","nail","scalp","escort","exotic","internship","cream","bingo","chiropractic","fraxel","booty","craigslist","cellulite","vaginal","skincare routines","pet","how to","fraud","hiring","latina","wax","warehouse","futon","fetish","nude","ribs","factory","arthritis","basement","receptionist","dots","african american","medspa","pelvic","manicure","threading","persian","uncensored","fish","radiofrequency","illuminati","turkish","sexy","beads","photos","career","fire","glam2gam","jjimjilbang","pedicures","makeup","naturally","coupon","laundry","asian","gua sha","careers","virgin","wash","injections","botox","filler","ear","lawsuit","korean","scam","kinesiology","routine","dermatologist","butt","at home","discount","cheap","fillers","permanent frown line removal","boy","cosmetic medspa","ulta","pleasure","concealer","brazilian","manicures","sensory deprivation","voluma","veins","yoni","salt","mudding","b2b","sex","24hr","slug","job","kit","sauna","hotspring","topless","neck cleaning","products","settlement","food","contrast therapy","housing","erotic","prostate","transplant","sexual","float therapy","jobs","thai","microneedling","ultherapy","surgical","bikini","acrylic overlay","russian","facebook","coed","self","hypno","mineral baths","hair spa treatment","thread lift","target","free","mobile","foundation","latino","home","adult","lash","biotec","hacking","fillers and injectables"
"Spavia - West Plano (Spavia - West Plano: FTVO Massage Only)","PHRASE","Positive","deep tissue massage near me","massage same day near me","massage packages","spa massage","massage near me","best maternity massage dallas","full body massage plano","massages near me","spavia near dallas","the nearest massage","massage spa","massage place by me","masage therapist","spavia plano","therapeutic massage near me","best massages near me","full body massage dallas","massage and spa","massage places near me","massages near me open now","massages and spas near me","spavia west plano","lymphatic massage dallas","the best massage near me","massage places dallas","neck massage near me","prenatal massage plano","couples massage near me","body massage near me","spa near west plano","couples massage","body massage spa","maternity massage near me","lymphatic drainage massage plano","sports massage","massage therapist","couples massage dallas","spa with massage","massage near me now","day spa massage","therapeutic massage","spavia massage therapists","massages for pregnant women","massage dallas","relaxing head massage","massage therapy spa","spavia massage","massage plano","pregnancy massage","deep neck massage","hot stone massage","back massage","best massage plano","full body massage services","full body massage","deep tissue massage","best massage places near me","massage plano tx","massage therapist near me","massage spa near me","massage for men","massage spa nearby"
"Spavia - West Plano (Spavia - West Plano: FTVO Massage Only)","PHRASE","Negative","exotic","how to","massage escort","giveaway","athome","one dollar","job fair","remove tan","how to open a spa","smoking lounge","beauty school","doctorly","cheapest","hot tub","physical therapy","iv therapy","how old","asmr","floating water therapy","tan remove","home service massage","future","asmr massage","where to use","24 hour","cosmetology license","underage","who accepts","asmr spa","financial aid","overnight","what is","esthetician program","techniques","fat freezing","tonight","thread face lift","plastic surgery","happy ending","parlor","skin cancer","youtube","5 minute","receptionist","body contouring","donation","massage asmr","massage license requirement","all inclusive wellness retreat","work","lip filler","plastic surgeon","botox","vajacial","queen","face lift","strip club","all inclusive","gone wrong","at home","2000","steam room","rub and tug"
"Spavia - West Plano (Spavia - West Plano: FTVO Massage Only)","EXACT","Negative","laser treatment","mini face lift cost near me","mani pedi natick","nail spa","indoor rain","petroleum jelly for acne scars","in person asmr experience","nail salon natick","pamper night","back scratch","ageless wonder","lets talk skincare","eyelash extensions near me","stretch marks removal","spray tan natick","shamboo","asmr massage","milia extraction","skin in your 30s","nail salon near me","free massages near me","hamam","night pimple remove","zero gravity pedicure near me","vacutherapy","juvederm voluma","how to get rid of a scar","tan removal treatment","40 plus mom skin care","spray tan","look younger instantly","tryst massage","spray tan near me","hair salon","cheapest facials near me","face bleaching","ethiopian","scratch therapy","filipino","exotic massage for men","mall massage","masaje con maderoterapia","antiaging","how can i make my face more attractive","female to male body massage near me","massage asmr","remove wrinkles around mouth","mole removal","overnight spa stay","vichy shower","asian woman massage","russian girl massage","remove pus from pimple","freckle removal","breast massage","butt facials","mani pedi","nail salon","cbd massage near me","shurink laser","eyelash extensions","night spa","eye lash extension natick","pm skincare","aesthetic clinic","how to have white skin","how to clear up body acne","float tanks","mani pedi near me","vaginal steaming near me","lomi lomi nui the sensual hawaiian massage","how to get rid of a pimple under the skin","get rid of dark inner thighs","hammam","massage full no sensor","people doing their skincare","tibetan","double chin removal"
"Spavia - West Plano (Spavia - West Plano: FTVO Massage Only)","EXACT","Positive","massage and spa places near me","full body massage center near me","full body massage near me","full body massage therapy near me","best couples massage near me","top rated couples massage near me","best spa and massage near me","best swedish massage near me","best massage places near me","full body massage for women","massages plano","massage and facial near me","couples back massage near me","massage near me","high rated massage places near me","massage therapy in my area"
"Spavia - West Plano (DO NOT USE: Spavia - Plano Esthetician Services)","BROAD","Negative","soapy","mud baths","manicures","sensory deprivation","voluma","surgery","robot","radiofrequency","mudding","jamaican","b2b","hotel","barber mehmet","hot tubs","sex","sexy","24hr","chakra","rubrankings","dermaplaning","moroccan","juvederm","hotspring","laser","neck cleaning","gay","contrast therapy","ayurvedic","reflexology","glam2gam","airbnb","jjimjilbang","transplant","scalp","pedicures","float therapy","exotic","laundry","jobs","street","booty","cellulite","gua sha","vaginal","microblading","skincare routines","japanese","laser treatment","microneedling","orgasm","ultherapy","surgical","korean","aqua bed","bikini","kinesiology","black owned","futon","routine","acrylic overlay","coed","butt","wood","cryotherapy","mineral baths","hair spa treatment","thread lift","free","comestic","wellness resort","cheap","somatic","latino","fillers","permanent frown line removal","skin whitening","receptionist","african american","medspa","adult","boy","cosmetic medspa","threading","persian","fillers and injectables","disney","swimming"
"Spavia - West Plano (DO NOT USE: Spavia - Plano Esthetician Services)","PHRASE","Positive","facial spa","facial gifts","affordable facial","facial with extractions","back facial near me","facials with pore extractions","facials with extractions","best facial","facial treatment","facial treatment near me","anti aging facial","organic facial","facial membership","facial therapy treatments","licensed esthetician near me","facial","brightening facial","anti aging skin care","best facial near me","skin care spa","nourishing facial","facial services","exfoliating scrub","facial christmas present","facial gift card","hydrating facial","face peels","facial presents","cleansing facial","facial spas","facial prices","face peel","facials near me","facial christmas gift","aging skin care","skin care services","face treatments","licensed esthetician services","skin care professionals","face foundarie","luxury facial","facial skin care treatments","best beauty spa"
"Spavia - West Plano (DO NOT USE: Spavia - Plano Esthetician Services)","PHRASE","Negative","floating water therapy"
"Spavia - West Plano (DO NOT USE: Spavia - Plano Esthetician Services)","EXACT","Negative","aesthetic clinic","tryst massage"
"Spavia - West Plano (West Plano - Winter Holiday Gift Card)","BROAD","Negative","castle","stroke","soapy","mud baths","rhinoplasty","indian","gambling","injectable","shave","surgery","office","unicorn","hotel","pedicure","rubrankings","jcpenny","dermaplaning","tips","lipo","laser","cocoon","gay","porn","haircut","reflexology","school","airbnb","cancer","construction","groupon","nightclub","chiropractor","nudist","certification","mani","sensual","street","honey","jacuzzi","weight loss","counterfeit","microblading","japanese","laser treatment","tantric","orgasm","vitamin","aqua bed","black owned","gaming","chinese","wood","cryotherapy","medical","comestic","wellness resort","dermatology","sephora","somatic","skin whitening","xxx","pool","nails","disney","swimming","dandruff","sweepstakes","alcohol","academy","robot","parlor","korean spa","jamaican","diy","outdoor","barber mehmet","hot tubs","chakra","automotive","disease","moroccan","juvederm","dog","ayurvedic","claim","nail","scalp","escort","exotic","internship","cream","bingo","chiropractic","fraxel","booty","craigslist","cellulite","vaginal","skincare routines","pet","how to","fraud","hiring","latina","warehouse","futon","fetish","nude","ribs","factory","arthritis","basement","receptionist","dots","african american","medspa","pelvic","manicure","threading","persian","uncensored","fish","radiofrequency","illuminati","turkish","sexy","beads","photos","career","fire","glam2gam","jjimjilbang","pedicures","makeup","naturally","coupon","laundry","asian","gua sha","careers","virgin","wash","injections","botox","filler","ear","lawsuit","korean","scam","kinesiology","routine","dermatologist","butt","at home","discount","cheap","fillers","permanent frown line removal","boy","cosmetic medspa","ulta","pleasure","concealer","brazilian","manicures","sensory deprivation","voluma","veins","yoni","salt","mudding","b2b","sex","24hr","slug","job","kit","sauna","hotspring","topless","neck cleaning","products","settlement","food","contrast therapy","housing","erotic","prostate","transplant","sexual","float therapy","jobs","thai","microneedling","ultherapy","surgical","bikini","acrylic overlay","russian","facebook","coed","self","hypno","mineral baths","hair spa treatment","thread lift","target","free","mobile","foundation","latino","home","adult","biotec","hacking","fillers and injectables"
"Spavia - West Plano (West Plano - Winter Holiday Gift Card)","BROAD","Positive","massage gift card","luxury gift card","spa gift card","gift cards for her"
"Spavia - West Plano (West Plano - Winter Holiday Gift Card)","EXACT","Negative","laser treatment","mini face lift cost near me","mani pedi natick","nail spa","petroleum jelly for acne scars","nail salon natick","pamper night","ageless wonder","lets talk skincare","eyelash extensions near me","stretch marks removal","spray tan natick","asmr massage","skin in your 30s","nail salon near me","surgery","free massages near me","laser","night pimple remove","surgical","zero gravity pedicure near me","juvederm voluma","how to get rid of a scar","tan removal treatment","40 plus mom skin care","spray tan","look younger instantly","tryst massage","spray tan near me","hair salon","transplant","cheapest facials near me","face bleaching","exotic massage for men","mall massage","masaje con maderoterapia","antiaging","how can i make my face more attractive","microneedling","female to male body massage near me","massage asmr","remove wrinkles around mouth","mole removal","overnight spa stay","medspa","asian woman massage","russian girl massage","fillers","remove pus from pimple","freckle removal","breast massage","butt facials","mani pedi","nail salon","cbd massage near me","shurink laser","korean","routine","eyelash extensions","night spa","eye lash extension natick","pm skincare","scalp","aesthetic clinic","how to have white skin","futon","how to clear up body acne","mani pedi near me","swimming","vaginal steaming near me","lomi lomi nui the sensual hawaiian massage","how to get rid of a pimple under the skin","get rid of dark inner thighs","hammam","massage full no sensor","people doing their skincare"
"Spavia - West Plano (West Plano - Winter Holiday Gift Card)","EXACT","Positive","spa day gift card","spavia holiday spa package","holiday spa specials","spavia egift card","best holiday spa gift","gift card for christmas spa","spavia gift card for hanukkah","spavia holiday gift card","buy spa gift card for christmas","christmas spa day gift","spa gift card for christmas","spa gift card near me","buy spa gift card for hanukkah","spavia lastminute gift card","holiday spa package gift card","pamper her with a spa gift card","christmas spa gift card","gift card for hanukkah spa","buy spa gift card online","spavia gift card for christmas","spavia instant gift card delivery","hanukkah spa day gift","hanukkah spa gift card","spa gift card for hanukkah","spavia spa day gift card","spavia spa gift card","spa gift card for her"
"Spavia - West Plano (West Plano - Winter Holiday Gift Card)","PHRASE","Negative","exotic","how to","massage escort","giveaway","athome","one dollar","job fair","remove tan","how to open a spa","smoking lounge","beauty school","doctorly","cheapest","hot tub","physical therapy","iv therapy","how old","asmr","floating water therapy","tan remove","home service massage","future","asmr massage","where to use","24 hour","cosmetology license","underage","who accepts","asmr spa","financial aid","overnight","what is","esthetician program","techniques","fat freezing","tonight","thread face lift","plastic surgery","happy ending","parlor","skin cancer","youtube","5 minute","receptionist","body contouring","donation","massage asmr","massage license requirement","all inclusive wellness retreat","work","lip filler","plastic surgeon","botox","vajacial","queen","face lift","strip club","all inclusive","gone wrong","at home","2000","steam room","rub and tug"
"Spavia - West Plano (West Plano - Winter Holiday Gift Card)","PHRASE","Positive","luxury hanukkah gift card","premium spa gift for her","luxury spa experience gift card","luxury pampering gift card","spa gift card for relaxation","gift cards for christmas","premium spa package gift card","luxury christmas gift card","quick christmas gift idea","quick hanukkah gift idea","gift cards for her","luxury relaxation gift card","spa gift card for her","spavia holiday spa gift card near me","premium spa day gift card","easy spa gift card purchase","purchase spa gift card online","spavia hanukkah spa gift","highend holiday spa gift","gift cards for hanukkah","gift cards for pampering","highend spa gift card","egift card for spa day","digital spa gift card","quick hanukkah spa gift","spavia christmas spa gift","best gift cards for her","spavia relaxation gift card","lastminute christmas gift card","lastminute spa gift for hanukkah","luxury spa gift card","gift cards for relaxation","spavia gift card for christmas","lastminute hanukkah gift card","spavia gift card for hanukkah","lastminute spa gift for christmas","quick christmas spa gift","spavia spa gift for her"
"Spavia - West Plano (West Plano - Valentine's Day Gift Card)","BROAD","Negative","castle","stroke","soapy","mud baths","rhinoplasty","indian","gambling","injectable","shave","surgery","office","unicorn","hotel","pedicure","rubrankings","jcpenny","dermaplaning","tips","lipo","laser","cocoon","gay","porn","haircut","reflexology","school","airbnb","cancer","construction","groupon","nightclub","chiropractor","nudist","certification","mani","sensual","street","honey","jacuzzi","weight loss","counterfeit","microblading","japanese","laser treatment","tantric","orgasm","vitamin","aqua bed","black owned","gaming","chinese","wood","cryotherapy","medical","comestic","wellness resort","dermatology","sephora","somatic","skin whitening","xxx","pool","nails","disney","swimming","dandruff","sweepstakes","alcohol","academy","robot","parlor","korean spa","jamaican","diy","outdoor","barber mehmet","hot tubs","chakra","automotive","disease","moroccan","juvederm","dog","ayurvedic","claim","nail","scalp","escort","exotic","internship","cream","bingo","chiropractic","fraxel","booty","craigslist","cellulite","vaginal","skincare routines","pet","how to","fraud","hiring","latina","warehouse","futon","fetish","nude","ribs","factory","arthritis","basement","receptionist","dots","african american","medspa","pelvic","manicure","threading","persian","uncensored","fish","radiofrequency","illuminati","turkish","sexy","beads","photos","career","fire","glam2gam","jjimjilbang","pedicures","makeup","naturally","coupon","laundry","asian","gua sha","careers","virgin","wash","injections","botox","filler","ear","lawsuit","korean","scam","kinesiology","routine","dermatologist","butt","at home","discount","cheap","fillers","permanent frown line removal","boy","cosmetic medspa","ulta","pleasure","concealer","brazilian","manicures","sensory deprivation","voluma","veins","yoni","salt","mudding","b2b","sex","24hr","slug","job","kit","sauna","hotspring","topless","neck cleaning","products","settlement","food","contrast therapy","housing","erotic","prostate","transplant","sexual","float therapy","jobs","thai","microneedling","ultherapy","surgical","bikini","acrylic overlay","russian","facebook","coed","self","hypno","mineral baths","hair spa treatment","thread lift","target","free","mobile","foundation","latino","home","adult","biotec","hacking","fillers and injectables"
"Spavia - West Plano (West Plano - Valentine's Day Gift Card)","EXACT","Negative","laser treatment","mini face lift cost near me","mani pedi natick","nail spa","petroleum jelly for acne scars","nail salon natick","pamper night","ageless wonder","lets talk skincare","eyelash extensions near me","stretch marks removal","spray tan natick","asmr massage","skin in your 30s","nail salon near me","surgery","free massages near me","laser","night pimple remove","surgical","zero gravity pedicure near me","juvederm voluma","how to get rid of a scar","tan removal treatment","40 plus mom skin care","spray tan","look younger instantly","tryst massage","spray tan near me","hair salon","transplant","cheapest facials near me","face bleaching","exotic massage for men","mall massage","masaje con maderoterapia","antiaging","how can i make my face more attractive","microneedling","female to male body massage near me","massage asmr","remove wrinkles around mouth","mole removal","overnight spa stay","medspa","asian woman massage","russian girl massage","fillers","remove pus from pimple","freckle removal","breast massage","butt facials","mani pedi","nail salon","cbd massage near me","shurink laser","korean","routine","eyelash extensions","night spa","eye lash extension natick","pm skincare","scalp","aesthetic clinic","how to have white skin","futon","how to clear up body acne","mani pedi near me","swimming","vaginal steaming near me","lomi lomi nui the sensual hawaiian massage","how to get rid of a pimple under the skin","get rid of dark inner thighs","hammam","massage full no sensor","people doing their skincare"
"Spavia - West Plano (West Plano - Valentine's Day Gift Card)","EXACT","Positive","spa day gift card","spavia egift card","valentines day spa specials","spavia gift card for valentines day","gift card for valentines day spa","valentines day spa gift card","valentines day spa package gift card","spa gift card near me","valentines day spa day gift","spavia lastminute gift card","pamper her with a spa gift card","best valentines day spa gift","buy spa gift card online","spa gift card for valentines day","spavia instant gift card delivery","spavia valentines day spa package","spavia valentines day gift card","buy spa gift card for valentines day","spavia spa day gift card","spavia spa gift card","spa gift card for her"
"Spavia - West Plano (West Plano - Valentine's Day Gift Card)","PHRASE","Negative","exotic","how to","massage escort","giveaway","athome","one dollar","job fair","remove tan","how to open a spa","smoking lounge","beauty school","doctorly","cheapest","hot tub","physical therapy","iv therapy","how old","asmr","floating water therapy","tan remove","home service massage","future","asmr massage","where to use","24 hour","cosmetology license","underage","who accepts","asmr spa","financial aid","overnight","what is","esthetician program","techniques","fat freezing","tonight","thread face lift","plastic surgery","happy ending","parlor","skin cancer","youtube","5 minute","receptionist","body contouring","donation","massage asmr","massage license requirement","all inclusive wellness retreat","work","lip filler","plastic surgeon","botox","vajacial","queen","face lift","strip club","all inclusive","gone wrong","at home","2000","steam room","rub and tug"
"Spavia - West Plano (West Plano - Valentine's Day Gift Card)","PHRASE","Positive","spa egift card","wellness gift card","premium spa gift for her","spavia valentines day spa gift card near me","luxury spa experience gift card","luxury pampering gift card","quick valentines day spa gift","valentines gift for wife","spa gift card for relaxation","premium spa package gift card","gift cards for her","spa voucher","valentines day gift card","luxury relaxation gift card","spa gift card for her","premium spa day gift card","easy spa gift card purchase","purchase spa gift card online","valentines gift for gf","spa gift certificate","lastminute spa gift for valentines day","gift cards for pampering","lastminute valentines day gift card","massage gift card","highend spa gift card","egift card for spa day","digital spa gift card","spavia relaxation gift card","spavia gift card for valentines day","best gift cards for valentines day","spavia valentines day spa gift","spa gift card","gift card spa","spa gift cards","valentines gift for girlfriend","quick valentines day gift idea","gift cards for valentines day","spa day gift card","valentines gift card","luxury spa gift card","gift cards for relaxation","luxury valentines day gift card","facial gift card","highend valentines day spa gift","valentines gift for her","spavia spa gift for her"